<?xml version="1.0" encoding="utf-8"?>
<dleplugin>
	<name>KYLSHOP</name>
	<description>Простой и удобный в управлении модуль интернет магазина.</description>
	<icon>engine/skins/images/kylshop.png</icon>
	<version>5.3</version>
	<dleversion>14.0</dleversion>
	<versioncompare>greater</versioncompare>
	<upgradeurl></upgradeurl>
	<filedelete>1</filedelete>
	<needplugin></needplugin>
	<mnotice>1</mnotice>
	<mysqlinstall><![CDATA[CREATE TABLE `{prefix}_kylshop_buy` (
  `id` INT(11) NOT NULL auto_increment,
  `order_id` INT(11) NOT NULL,
  `order_code` VARCHAR(30) NOT NULL ,
  `user_id` INT(11) NOT NULL DEFAULT '0',
  `email` VARCHAR(255) NOT NULL DEFAULT '',
  `goods` TEXT,
  `fields` TEXT NOT NULL,
  `params` TEXT NOT NULL,
  `total` FLOAT NOT NULL,
  `time` INT(20) NOT NULL,
  `secret_key` VARCHAR(50) NOT NULL,
  `see` TINYINT(1) NOT NULL DEFAULT '0',
  `comment` TEXT,
  `status` VARCHAR(30) NOT NULL DEFAULT '0',
  PRIMARY KEY (`id`)
)
ENGINE = InnoDB;

CREATE TABLE `{prefix}_kylshop_delivery` (
  `id` INT(11) NOT NULL auto_increment,
  `marker_id` VARCHAR(20) NOT NULL  DEFAULT '',
  `coords` VARCHAR(50) NOT NULL  DEFAULT '',
  `title` VARCHAR(255) NOT NULL DEFAULT '',
  `description` TEXT,
  `status` VARCHAR(30) NOT NULL DEFAULT '1',
  PRIMARY KEY (`id`)
)
ENGINE = InnoDB;

CREATE TABLE `{prefix}_promocodes` (
  `id` INT(11) NOT NULL auto_increment,
  `code` VARCHAR(255) NOT NULL,
  `sale` VARCHAR(10) NOT NULL,
  `term` INT(11) NOT NULL,
  `comment` TEXT NOT NULL,
  `type` TINYINT(1) NOT NULL DEFAULT '0',
  `count_pay` INT(11) NOT NULL DEFAULT '0',
  `status` TINYINT(1) NOT NULL DEFAULT '1',
  PRIMARY KEY (`id`)
)
ENGINE = InnoDB;

ALTER TABLE `{prefix}_post` ADD `kylshop` TEXT NOT NULL;
ALTER TABLE `{prefix}_post` ADD `filter` TEXT NOT NULL;
ALTER TABLE `{prefix}_post` ADD `price` DECIMAL (10,2) NOT NULL DEFAULT '0';
ALTER TABLE `{prefix}_post` ADD `keys` TEXT;
ALTER TABLE `{userprefix}_users` ADD `balance` DECIMAL (10,2) NOT NULL DEFAULT '0';

INSERT INTO `{prefix}_admin_sections` (`name`, `title`, `descr`, `icon`, `allow_groups`) VALUES ('kylshop', '[KS] Магазин', 'Плагин интернет магазина', 'engine/skins/images/kylshop.png', '1');]]></mysqlinstall>
	<mysqlupgrade><![CDATA[ALTER TABLE `{prefix}_kylshop_buy` ADD `comment` TEXT;
ALTER TABLE `{prefix}_promocodes` ADD `count_pay` INT(11) NOT NULL DEFAULT '0';
ALTER TABLE `{prefix}_post` ADD `keys` TEXT;]]></mysqlupgrade>
	<mysqlenable><![CDATA[]]></mysqlenable>
	<mysqldisable><![CDATA[]]></mysqldisable>
	<mysqldelete><![CDATA[DROP TABLE IF EXISTS `{prefix}_kylshop_buy`;
DROP TABLE IF EXISTS `{prefix}_kylshop_delivery`;
DROP TABLE IF EXISTS `{prefix}_promocodes`;
DELETE FROM `{prefix}_admin_sections` WHERE `name` = 'kylshop';
ALTER TABLE `{prefix}_post` DROP COLUMN `kylshop`, DROP COLUMN `filter`, DROP COLUMN `price`;
ALTER TABLE `{userprefix}_users` DROP COLUMN `balance`;]]></mysqldelete>
	<phpinstall><![CDATA[]]></phpinstall>
	<phpupgrade><![CDATA[]]></phpupgrade>
	<phpenable><![CDATA[]]></phpenable>
	<phpdisable><![CDATA[]]></phpdisable>
	<phpdelete><![CDATA[]]></phpdelete>
	<notice><![CDATA[Заказать разработку плагина можно на сайте https://kylaksizov.ru/
Наша группа в телеграме: https://t.me/camby_information]]></notice>
	<file name="engine/engine.php">
		<operation action="before">
			<searchcode><![CDATA[case "changemail" :
		include (DLEPlugins::Check(ENGINE_DIR . '/modules/changemail.php'));
		break;]]></searchcode>
			<replacecode><![CDATA[# Kylshop
    case "cart" :
        include (DLEPlugins::Check(ENGINE_DIR . '/modules/kylshop/cart.php'));
        break;
]]></replacecode>
		</operation>
		<operation action="replace">
			<searchcode><![CDATA[, p.tags]]></searchcode>
			<replacecode><![CDATA[, p.tags, p.kylshop, p.filter, p.price]]></replacecode>
		</operation>
	</file>
	<file name="engine/modules/main.php">
		<operation action="after">
			<searchcode><![CDATA[$tpl->set ( '{speedbar}', $tpl->result['speedbar'] );]]></searchcode>
			<replacecode><![CDATA[# Kylshop
include (DLEPlugins::Check(ENGINE_DIR . '/modules/kylshop.php'));]]></replacecode>
		</operation>
		<operation action="replace">
			<searchcode><![CDATA[$tpl->set ( '{AJAX}', $ajax );]]></searchcode>
			<replacecode><![CDATA[$tpl->set ( '{AJAX}', $ajax . $kylshop_scripts );]]></replacecode>
		</operation>
	</file>
	<file name="engine/modules/show.short.php">
		<operation action="before">
			<searchcode><![CDATA[$row['title'] = stripslashes( $row['title'] );]]></searchcode>
			<replacecode><![CDATA[            include (DLEPlugins::Check(ENGINE_DIR . '/modules/kylshop/short.php'));
]]></replacecode>
		</operation>
		<operation action="before">
			<searchcode><![CDATA[if( $allow_active_news ) {]]></searchcode>
			<replacecode><![CDATA[if(!empty($_POST["get_goods"]) || !empty($_GET["filter"]) || strripos($_SERVER["REQUEST_URI"], "?filter=") !== false) include (DLEPlugins::Check(ENGINE_DIR . '/modules/kylshop/filter_get_goods.php'));]]></replacecode>
		</operation>
		<operation action="before">
			<searchcode><![CDATA[?>]]></searchcode>
			<replacecode><![CDATA[if(!empty($_POST["get_goods"])){
    echo $tpl->result['content'];
    exit;
}]]></replacecode>
		</operation>
	</file>
	<file name="engine/inc/editnews.php">
		<operation action="after">
			<searchcode><![CDATA[<li id="tab-perimit"><a href="#tabperm" data-toggle="tab"><i class="fa fa-lock position-left"></i> {$lang['tabs_perm']}</a></li>]]></searchcode>
			<replacecode><![CDATA[<li><a href="#shop" data-toggle="tab"><i class="fa fa-shopping-basket position-left"></i> Магазин</a></li>]]></replacecode>
		</operation>
		<operation action="after">
			<searchcode><![CDATA[<div class="row">
								<div class="col-md-12"><span class="text-muted text-size-small"><i class="fa fa-exclamation-triangle position-left"></i>{$lang['tabs_g_info']}</span></div>
							</div>
						</div>
                     </div>]]></searchcode>
			<replacecode><![CDATA[<div class="tab-pane" id="shop" >
						<div class="panel-body">
HTML;
    include (DLEPlugins::Check(ENGINE_DIR . '/inc/kylshop/addnews.php'));
                        echo <<<HTML
						</div>
					</div>]]></replacecode>
		</operation>
		<operation action="replace">
			<searchcode><![CDATA[$db->query( "UPDATE " . PREFIX . "_post SET title='{$title}', date='{$thistime}', short_story='{$short_story}', full_story='{$full_story}', xfields='{$filecontents}', descr='{$metatags['description']}', keywords='{$metatags['keywords']}', category='{$category_list}', alt_name='{$alt_name}', allow_comm='{$allow_comm}', approve='{$approve}', allow_main='{$allow_main}', fixed='{$news_fixed}', allow_br='{$allow_br}', symbol='{$catalog_url}', tags='{$_POST['tags']}', metatitle='{$metatags['title']}' WHERE id='{$item_db[0]}'" );]]></searchcode>
			<replacecode><![CDATA[include (DLEPlugins::Check(ENGINE_DIR . '/inc/kylshop/post_addnews.php'));
				$db->query( "UPDATE " . PREFIX . "_post SET title='{$title}', date='{$thistime}', short_story='{$short_story}', full_story='{$full_story}', xfields='{$filecontents}', descr='{$metatags['description']}', keywords='{$metatags['keywords']}', category='{$category_list}', alt_name='{$alt_name}', allow_comm='{$allow_comm}', approve='{$approve}', allow_main='{$allow_main}', fixed='{$news_fixed}', allow_br='{$allow_br}', symbol='{$catalog_url}', tags='{$_POST['tags']}', metatitle='{$metatags['title']}', price='{$price}', kylshop='{$kylshop}', filter='{$filter_post}', `keys`='{$kylshop_keys}' WHERE id='{$item_db[0]}'" );]]></replacecode>
		</operation>
		<operation action="replace">
			<searchcode><![CDATA[p.fixed, e.news_read]]></searchcode>
			<replacecode><![CDATA[p.fixed, p.price, p.kylshop, e.news_read]]></replacecode>
		</operation>
		<operation action="replace">
			<searchcode><![CDATA[{$title}</a></td>
        <td class=\"hidden-xs text-nowrap text-center\">]]></searchcode>
			<replacecode><![CDATA[{$title}</a></td>
<td class=\"hidden-xs text-nowrap text-center\"><b>{$price}</b></td>
        <td class=\"hidden-xs text-nowrap text-center\">]]></replacecode>
		</operation>
		<operation action="before">
			<searchcode><![CDATA[<th class="hidden-xs text-center" style="width: 60px;"><i class="fa fa-eye tip" data-original-title="{$lang['st_views']}"></i>]]></searchcode>
			<replacecode><![CDATA[<th class="hidden-xs text-center" style="width: 60px;"><i class="fa fa-usd tip" data-original-title="Цена"></i></th>]]></replacecode>
		</operation>
		<operation action="before">
			<searchcode><![CDATA[$entries .= "<a title='{$lang['edit_act']}']]></searchcode>
			<replacecode><![CDATA[$price = '';
        if(!empty($row["kylshop"])){
            $price = unserialize($row["kylshop"]);
            $price = !empty($price["power"]) ? $row["price"] : '';
        }]]></replacecode>
		</operation>
	</file>
	<file name="engine/inc/addnews.php">
		<operation action="after">
			<searchcode><![CDATA[<li id="tab-perimit"><a href="#tabperm" data-toggle="tab"><i class="fa fa-lock position-left"></i> {$lang['tabs_perm']}</a></li>]]></searchcode>
			<replacecode><![CDATA[<li><a href="#shop" data-toggle="tab"><i class="fa fa-shopping-basket position-left"></i> Магазин</a></li>]]></replacecode>
		</operation>
		<operation action="after">
			<searchcode><![CDATA[<div class="row">
								<div class="col-md-12"><span class="text-muted text-size-small"><i class="fa fa-exclamation-triangle position-left"></i>{$lang['tabs_g_info']}</span></div>
							</div>
						</div>
                     </div>]]></searchcode>
			<replacecode><![CDATA[<div class="tab-pane" id="shop" >
						<div class="panel-body">
HTML;
    include (DLEPlugins::Check(ENGINE_DIR . '/inc/kylshop/addnews.php'));
                        echo <<<HTML
						</div>
					</div>]]></replacecode>
		</operation>
		<operation action="replace">
			<searchcode><![CDATA[$db->query( "INSERT INTO " . PREFIX . "_post (date, autor, short_story, full_story, xfields, title, descr, keywords, category, alt_name, allow_comm, approve, allow_main, fixed, allow_br, symbol, tags, metatitle) values ('$thistime', '{$author}', '$short_story', '$full_story', '$filecontents', '$title', '{$metatags['description']}', '{$metatags['keywords']}', '$category_list', '$alt_name', '$allow_comm', '$approve', '$allow_main', '$news_fixed', '$allow_br', '$catalog_url', '{$_POST['tags']}', '{$metatags['title']}')" );]]></searchcode>
			<replacecode><![CDATA[include (DLEPlugins::Check(ENGINE_DIR . '/inc/kylshop/post_addnews.php'));
	$db->query( "INSERT INTO " . PREFIX . "_post (date, autor, short_story, full_story, xfields, title, descr, keywords, category, alt_name, allow_comm, approve, allow_main, fixed, allow_br, symbol, tags, metatitle, price, kylshop, filter, `keys`) values ('$thistime', '{$author}', '$short_story', '$full_story', '$filecontents', '$title', '{$metatags['description']}', '{$metatags['keywords']}', '$category_list', '$alt_name', '$allow_comm', '$approve', '$allow_main', '$news_fixed', '$allow_br', '$catalog_url', '{$_POST['tags']}', '{$metatags['title']}', '{$price}', '{$kylshop}', '{$filter_post}', '{$kylshop_keys}')" );]]></replacecode>
		</operation>
	</file>
	<file name="engine/modules/show.full.php">
		<operation action="before">
			<searchcode><![CDATA[$tpl->set( '{title}', str_replace("&amp;amp;", "&amp;", htmlspecialchars( $row['title'], ENT_QUOTES, $config['charset'] ) ) );]]></searchcode>
			<replacecode><![CDATA[include (DLEPlugins::Check(ENGINE_DIR . '/modules/kylshop/full.php'));]]></replacecode>
		</operation>
		<operation action="replace">
			<searchcode><![CDATA[if ($_GET['seourl'] != $row['alt_name'] OR $_GET['seocat'] != $c_url OR strpos ( $_SERVER['REQUEST_URI'], "?" ) !== false OR (isset($_GET['news_page']) AND $_GET['news_page'] == 1 AND $cstart < 2 AND $view_template != "print") OR ($view_template == "print" AND $news_page > 1) ) {]]></searchcode>
			<replacecode><![CDATA[if (($_GET['seourl'] != $row['alt_name'] OR $_GET['seocat'] != $c_url OR strpos ( $_SERVER['REQUEST_URI'], "?" ) !== false OR (isset($_GET['news_page']) AND $_GET['news_page'] == 1 AND $cstart < 2 AND $view_template != "print") OR ($view_template == "print" AND $news_page > 1) ) AND (strripos(strstr($_SERVER["REQUEST_URI"], "?"), "order") === false)) {]]></replacecode>
		</operation>
		<operation action="replace">
			<searchcode><![CDATA[if ($_GET['seourl'] != $row['alt_name'] OR (isset($_GET['seocat']) AND $_GET['seocat']) OR (isset($_GET['news_name']) AND $_GET['news_name']) OR strpos ( $_SERVER['REQUEST_URI'], "?" ) !== false OR (isset($_GET['news_page']) AND $_GET['news_page'] == 1 AND $cstart < 2 AND $view_template != "print") OR ($view_template == "print" AND $news_page > 1) ) {]]></searchcode>
			<replacecode><![CDATA[if (($_GET['seourl'] != $row['alt_name'] OR (isset($_GET['seocat']) AND $_GET['seocat']) OR (isset($_GET['news_name']) AND $_GET['news_name']) OR strpos ( $_SERVER['REQUEST_URI'], "?" ) !== false  OR (isset($_GET['news_page']) AND $_GET['news_page'] == 1 AND $cstart < 2 AND $view_template != "print") OR ($view_template == "print" AND $news_page > 1) ) AND (strripos(strstr($_SERVER["REQUEST_URI"], "?"), "order") === false)) {]]></replacecode>
		</operation>
		<operation action="before">
			<searchcode><![CDATA[$tpl2->set( '{link}', $rel_full_link );]]></searchcode>
			<replacecode><![CDATA[include (DLEPlugins::Check(ENGINE_DIR . '/modules/kylshop/related.php'));]]></replacecode>
		</operation>
		<operation action="replace">
			<searchcode><![CDATA[$db->query( "SELECT id, date, short_story, xfields, title, category, alt_name, MATCH (title, short_story, full_story, xfields) AGAINST ('{$body}') as score FROM " . PREFIX . "_post {$join_category}WHERE {$where_category}{$allowed_cats}{$not_allowed_cats}MATCH (title, short_story, full_story, xfields) AGAINST ('{$body}') AND id != " . $row['id'] . " AND approve=1" . $where_date . " ORDER BY score DESC LIMIT " . $config['related_number'] );]]></searchcode>
			<replacecode><![CDATA[$db->query( "SELECT id, date, short_story, xfields, title, category, alt_name, price, kylshop, filter, MATCH (title, short_story, full_story, xfields) AGAINST ('{$body}') as score FROM " . PREFIX . "_post {$join_category}WHERE {$where_category}{$allowed_cats}{$not_allowed_cats}MATCH (title, short_story, full_story, xfields) AGAINST ('{$body}') AND id != " . $row['id'] . " AND approve=1" . $where_date . " ORDER BY score DESC LIMIT " . $config['related_number'] );]]></replacecode>
		</operation>
		<operation action="replace">
			<searchcode><![CDATA[$db->query( "SELECT id, date, short_story, xfields, title, category, alt_name FROM " . PREFIX . "_post WHERE id IN({$row['related_ids']}) AND approve=1 ORDER BY FIND_IN_SET(id, '{$row['related_ids']}') LIMIT " . $config['related_number'] );]]></searchcode>
			<replacecode><![CDATA[$db->query( "SELECT id, date, short_story, xfields, title, category, alt_name, price, kylshop, filter FROM " . PREFIX . "_post WHERE id IN({$row['related_ids']}) AND approve=1 ORDER BY FIND_IN_SET(id, '{$row['related_ids']}') LIMIT " . $config['related_number'] );]]></replacecode>
		</operation>
	</file>
	<file name="engine/modules/addnews.php">
		<operation action="replace">
			<searchcode><![CDATA[$tpl->set( '{admintag}', $admintag );
		
		} else $tpl->set( '{admintag}', '' );]]></searchcode>
			<replacecode><![CDATA[$tpl->set( '{admintag}', $admintag . $usertag );
		
		} else $tpl->set( '{admintag}', $usertag );]]></replacecode>
		</operation>
		<operation action="replace">
			<searchcode><![CDATA[$db->query( "INSERT INTO " . PREFIX . "_post (date, autor, short_story, full_story, xfields, title, keywords, category, alt_name, allow_comm, approve, allow_main, fixed, allow_br, symbol, tags) values ('$thistime', '{$member_id['name']}', '$short_story', '$full_story', '$filecontents', '$title', '', '$category_list', '$alt_name', '$allow_comm', '$approve', '$allow_main', '$news_fixed', '$allow_br', '$catalog_url', '" . $_POST['tags'] . "')" );]]></searchcode>
			<replacecode><![CDATA[$db->query( "INSERT INTO " . PREFIX . "_post (date, autor, short_story, full_story, xfields, title, keywords, category, alt_name, allow_comm, approve, allow_main, fixed, allow_br, symbol, tags, kylshop, filter) values ('$thistime', '{$member_id['name']}', '$short_story', '$full_story', '$filecontents', '$title', '', '$category_list', '$alt_name', '$allow_comm', '$approve', '$allow_main', '$news_fixed', '$allow_br', '$catalog_url', '" . $_POST['tags'] . "', '$kylshop_post', '$filter_post')" );]]></replacecode>
		</operation>
		<operation action="after">
			<searchcode><![CDATA[$allow_addnews = false;

}]]></searchcode>
			<replacecode><![CDATA[include (DLEPlugins::Check(ENGINE_DIR . '/modules/kylshop/addnews.php'));]]></replacecode>
		</operation>
	</file>
	<file name="engine/modules/show.custom.php">
		<operation action="before">
			<searchcode><![CDATA[$row['title'] = stripslashes( $row['title'] );]]></searchcode>
			<replacecode><![CDATA[include (DLEPlugins::Check(ENGINE_DIR . '/modules/kylshop/custom.php'));]]></replacecode>
		</operation>
	</file>
	<file name="engine/modules/functions.php">
		<operation action="replace">
			<searchcode><![CDATA[$sql_select = "SELECT p.id, p.autor, p.date, p.short_story, CHAR_LENGTH(p.full_story) as full_story, p.xfields, p.title, p.category, p.alt_name, p.comm_num, p.allow_comm, p.fixed, p.tags, e.news_read, e.allow_rate, e.rating, e.vote_num, e.votes, e.view_edit, e.editdate, e.editor, e.reason {$user_select}FROM " . PREFIX . "_post p {cat_join}LEFT JOIN " . PREFIX . "_post_extras e ON (p.id=e.news_id) {$user_join}";]]></searchcode>
			<replacecode><![CDATA[$sql_select = "SELECT p.id, p.autor, p.date, p.short_story, CHAR_LENGTH(p.full_story) as full_story, p.xfields, p.title, p.category, p.alt_name, p.comm_num, p.allow_comm, p.fixed, p.tags, p.kylshop, p.price, p.filter, e.news_read, e.allow_rate, e.rating, e.vote_num, e.votes, e.view_edit, e.editdate, e.editor, e.reason {$user_select}FROM " . PREFIX . "_post p {cat_join}LEFT JOIN " . PREFIX . "_post_extras e ON (p.id=e.news_id) {$user_join}";]]></replacecode>
		</operation>
	</file>
	<file name="engine/modules/profile.php">
		<operation action="after">
			<searchcode><![CDATA[while ( $row = $db->get_row( $sql_result ) ) {]]></searchcode>
			<replacecode><![CDATA[include_once (DLEPlugins::Check(ENGINE_DIR . '/modules/kylshop/profile.php'));]]></replacecode>
		</operation>
	</file>
	<file name="engine/modules/search.php">
		<operation action="replace">
			<searchcode><![CDATA[$posts_fields = "SELECT p.id, p.autor, p.date, p.short_story, CHAR_LENGTH(p.full_story) as full_story, p.xfields, p.title, p.category, p.alt_name, p.comm_num, p.allow_comm, p.fixed, p.tags, e.news_read, e.allow_rate, e.rating, e.vote_num, e.votes, e.view_edit, e.editdate, e.editor, e.reason{$full_s_addfield}";]]></searchcode>
			<replacecode><![CDATA[$posts_fields = "SELECT p.id, p.autor, p.date, p.short_story, CHAR_LENGTH(p.full_story) as full_story, p.xfields, p.title, p.category, p.alt_name, p.comm_num, p.allow_comm, p.fixed, p.tags, p.kylshop, p.filter, p.price, e.news_read, e.allow_rate, e.rating, e.vote_num, e.votes, e.view_edit, e.editdate, e.editor, e.reason{$full_s_addfield}";]]></replacecode>
		</operation>
	</file>
	<file name="engine/inc/include/functions.inc.php">
		<operation action="before">
			<searchcode><![CDATA[if( $is_loged_in ) echo $skin_footer;]]></searchcode>
			<replacecode><![CDATA[echo '<link href="engine/skins/kylshop/global.css" rel="stylesheet" type="text/css">
<script src="engine/skins/kylshop/global.js"></script>';]]></replacecode>
		</operation>
	</file>
	<file name="engine/modules/favorites.php">
		<operation action="after">
			<searchcode><![CDATA[p.fixed, p.tags,]]></searchcode>
			<replacecode><![CDATA[p.price, p.kylshop,]]></replacecode>
		</operation>
	</file>
</dleplugin>