{
    "1583857679482": {
        "type": "input",
        "title": "E-mail",
        "attr": "",
        "admin": "E-mail",
        "required": "on",
        "post": "on"
    },
    "1583857701230": {
        "type": "select",
        "title": "Откуда Вы узнали о нашем сайте?",
        "attr": "",
        "admin": "Откуда узнал",
        "values": "Google\r\nYandex\r\nСсылка с другого сайта\r\nЧерез знакомых\r\nДругое"
    },
    "1583857752405": {
        "type": "textarea",
        "title": "Комментарий",
        "attr": "",
        "admin": "Комментарий"
    }
}